file_name,location
00000_model.jpg,5
00001_model.jpg,5
00002_model.jpg,5
00003_model.jpg,5
00004_model.jpg,5
00005_model.jpg,5
00006_model.jpg,5
00007_model.jpg,5
00008_model.jpg,5
00009_model.jpg,5
00010_model.jpg,5
00011_model.jpg,5
00012_model.jpg,5
00013_model.jpg,5
00014_model.jpg,5
00015_model.jpg,5
00016_model.jpg,5
00017_model.jpg,5
00018_model.jpg,5
00019_model.jpg,5
00020_model.jpg,5
00021_model.jpg,5
00022_model.jpg,5
00023_model.jpg,5
00024_model.jpg,5
00025_model.jpg,5
00026_model.jpg,5
00027_model.jpg,5
00028_model.jpg,5
00029_model.jpg,5
00030_model.jpg,5
00031_model.jpg,5
00032_model.jpg,5
00033_model.jpg,5
00034_model.jpg,5
00035_model.jpg,5
00036_model.jpg,5
00037_model.jpg,5
00038_model.jpg,5
00039_model.jpg,5
00040_model.jpg,5
00041_model.jpg,5
00042_model.jpg,5
00043_model.jpg,5
00044_model.jpg,5
00045_model.jpg,5
00046_model.jpg,5
00047_model.jpg,5
00048_model.jpg,5
00049_model.jpg,5
00050_model.jpg,5
00051_model.jpg,5
00052_model.jpg,5
00053_model.jpg,5
00054_model.jpg,5
00055_model.jpg,5
00056_model.jpg,5
00057_model.jpg,5
00058_model.jpg,5
00059_model.jpg,5
00060_model.jpg,5
00061_model.jpg,5
00062_model.jpg,5
00063_model.jpg,5
00064_model.jpg,5
00065_model.jpg,5
00066_model.jpg,5
00067_model.jpg,5
00068_model.jpg,5
00069_model.jpg,5
00070_model.jpg,5
00071_model.jpg,5
00072_model.jpg,5
00073_model.jpg,5
00074_model.jpg,5
00075_model.jpg,5
00076_model.jpg,5
00077_model.jpg,5
00078_model.jpg,5
00079_model.jpg,5
00080_model.jpg,5
00081_model.jpg,5
00082_model.jpg,5
00083_model.jpg,5
00084_model.jpg,5
00085_model.jpg,5
00086_model.jpg,5
00087_model.jpg,5
00088_model.jpg,5
00089_model.jpg,5
00090_model.jpg,5
00091_model.jpg,5
00092_model.jpg,5
00093_model.jpg,5
00094_model.jpg,5
00095_model.jpg,5
00096_model.jpg,5
00097_model.jpg,5
00098_model.jpg,5
00099_model.jpg,5
00100_model.jpg,5
00101_model.jpg,5
00102_model.jpg,5
00103_model.jpg,5
00104_model.jpg,5
00105_model.jpg,5
00106_model.jpg,5
00107_model.jpg,5
00108_model.jpg,5
00109_model.jpg,5
00110_model.jpg,5
00111_model.jpg,5
00112_model.jpg,5
00113_model.jpg,5
00114_model.jpg,5
00115_model.jpg,5
00116_model.jpg,5
00117_model.jpg,5
00118_model.jpg,5
00119_model.jpg,5
00120_model.jpg,5
00121_model.jpg,5
00122_model.jpg,5
00123_model.jpg,5
00124_model.jpg,5
00125_model.jpg,5
00126_model.jpg,5
00127_model.jpg,5
00128_model.jpg,5
00129_model.jpg,5
00130_model.jpg,5
00131_model.jpg,5
00132_model.jpg,5
00133_model.jpg,5
00134_model.jpg,5
00135_model.jpg,5
00136_model.jpg,5
00137_model.jpg,5
00138_model.jpg,5
00139_model.jpg,5
00140_model.jpg,5
00141_model.jpg,5
00142_model.jpg,5
00143_model.jpg,5
00144_model.jpg,5
00145_model.jpg,5
00146_model.jpg,5
00147_model.jpg,5
00148_model.jpg,5
00149_model.jpg,5
00150_model.jpg,5
00151_model.jpg,5
00152_model.jpg,5
00153_model.jpg,5
00154_model.jpg,5
00155_model.jpg,5
00156_model.jpg,5
00157_model.jpg,5
00158_model.jpg,5
00159_model.jpg,5
00160_model.jpg,5
00161_model.jpg,5
00162_model.jpg,5
00163_model.jpg,5
00164_model.jpg,5
00165_model.jpg,5
00166_model.jpg,5
00167_model.jpg,5
00168_model.jpg,5
00169_model.jpg,5
00170_model.jpg,5
00171_model.jpg,5
00172_model.jpg,5
00173_model.jpg,5
00174_model.jpg,5
00175_model.jpg,5
00176_model.jpg,5
00177_model.jpg,5
00178_model.jpg,5
00179_model.jpg,5
00180_model.jpg,5
00181_model.jpg,5
00182_model.jpg,5
00183_model.jpg,5
00184_model.jpg,5
00185_model.jpg,5
00186_model.jpg,5
00187_model.jpg,5
00188_model.jpg,5
00189_model.jpg,5
00190_model.jpg,5
00191_model.jpg,5
00192_model.jpg,5
00193_model.jpg,5
00194_model.jpg,5
00195_model.jpg,5
00196_model.jpg,5
00197_model.jpg,5
00198_model.jpg,5
00199_model.jpg,5
00200_model.jpg,5
00201_model.jpg,5
00202_model.jpg,5
00203_model.jpg,5
00204_model.jpg,5
00205_model.jpg,5
00206_model.jpg,5
00207_model.jpg,5
00208_model.jpg,5
00209_model.jpg,5
00210_model.jpg,5
00211_model.jpg,5
00212_model.jpg,5
00213_model.jpg,5
00214_model.jpg,5
00215_model.jpg,5
00216_model.jpg,5
00217_model.jpg,5
00218_model.jpg,5
00219_model.jpg,5
00220_model.jpg,5
00221_model.jpg,5
00222_model.jpg,5
00223_model.jpg,5
00224_model.jpg,5
00225_model.jpg,5
00226_model.jpg,5
00227_model.jpg,5
00228_model.jpg,5
00229_model.jpg,5
00230_model.jpg,5
00231_model.jpg,5
00232_model.jpg,5
00233_model.jpg,5
00234_model.jpg,5
00235_model.jpg,5
00236_model.jpg,5
00237_model.jpg,5
00238_model.jpg,5
00239_model.jpg,5
00240_model.jpg,5
00241_model.jpg,5
00242_model.jpg,5
00243_model.jpg,5
00244_model.jpg,5
00245_model.jpg,5
00246_model.jpg,5
00247_model.jpg,5
00248_model.jpg,5
00249_model.jpg,5
00250_model.jpg,5
00251_model.jpg,5
00252_model.jpg,5
00253_model.jpg,5
00254_model.jpg,5
00255_model.jpg,5
00256_model.jpg,5
00257_model.jpg,5
00258_model.jpg,5
00259_model.jpg,5
00260_model.jpg,5
00261_model.jpg,5
00262_model.jpg,5
00263_model.jpg,5
00264_model.jpg,5
00265_model.jpg,5
00266_model.jpg,5
00267_model.jpg,5
00268_model.jpg,5
00269_model.jpg,5
00270_model.jpg,5
00271_model.jpg,5
00272_model.jpg,5
00273_model.jpg,5
00274_model.jpg,5
00275_model.jpg,5
00276_model.jpg,5
00277_model.jpg,5
00278_model.jpg,5
00279_model.jpg,5
00280_model.jpg,5
00281_model.jpg,5
00282_model.jpg,5
00283_model.jpg,5
00284_model.jpg,5
00285_model.jpg,5
00286_model.jpg,5
00287_model.jpg,5
00288_model.jpg,5
00289_model.jpg,5
00290_model.jpg,5
00291_model.jpg,5
00292_model.jpg,5
00293_model.jpg,5
00294_model.jpg,5
00295_model.jpg,5
00296_model.jpg,5
00297_model.jpg,5
00298_model.jpg,5
00299_model.jpg,5
